distance,angle
4.825694353950852,45.0
7.883771893944063,45.0
11.366510979880275,45.0
15.262963902736923,45.0
19.488439922496863,45.0
24.07171685984668,45.0
28.90589727912267,45.0
33.85698994808135,45.0
39.05374666673859,45.0
44.27766007006036,45.0
