v0,distance,angle
2.0,3.6390433283904184,45.0
3.0,6.146929832047119,45.0
4.0,9.72298369082423,45.0
5.0,15.982842808622696,45.0
6.0,20.35336917936436,45.0
