distance,angle
4.860494536943755,45.0
7.958169565461675,45.0
11.505953572452206,45.0
15.501123998722925,45.0
19.864253681984103,45.0
24.633210713804893,45.0
29.703189126759423,45.0
35.125406639427624,45.0
40.6763629994384,45.0
46.40456487225157,45.0
